evidence_id,source_type,entity,query,serp_rank,title,url,displayed_url,snippet,fetched_at,date_confidence,theme_tags,signal_type,confidence,why_it_matters,recommended_action
E001,blog,None,"""electric vehicle batteries""",1,Deep dive: electric vehicle batteries,https://blog.example.com/electric-vehicle-batteries,blog.example.com,A practitioner blog post exploring electric vehicle batteries with concrete examples and tradeoffs.,2026-06-15T07:06:30Z,medium,"electric,vehicle,batteries,practitioner,blog,post",how-to,medium,SERP-visible evidence shapes what people discover when researching this topic.,Skim for relevance and cite if it informs the brief.
E002,community-reddit,None,"""electric vehicle batteries""",2,Discussion: is electric vehicle batteries worth it?,https://www.reddit.com/r/all/comments/468095/electric-vehicle-batteries/,reddit.com/r/all,Reddit thread weighing pros and cons of electric vehicle batteries; lots of first-hand takes and complaints.,2026-06-15T07:06:30Z,medium,"electric,vehicle,batteries,discussion,reddit,thread",discussion,medium,Community discussion reflects what practitioners are actually asking and arguing about.,Read the thread for primary-source quotes worth citing.
E003,community-hn,None,"""electric vehicle batteries""",3,Show HN: a project about electric vehicle batteries,https://news.ycombinator.com/item?id=9250183,news.ycombinator.com,Hacker News discussion where developers debate electric vehicle batteries and link to source.,2026-06-15T07:06:30Z,medium,"electric,vehicle,batteries,show,project,hacker",discussion,medium,Community discussion reflects what practitioners are actually asking and arguing about.,Read the thread for primary-source quotes worth citing.
E004,docs,None,"""electric vehicle batteries""",4,electric vehicle batteries: official documentation,https://docs.example.org/electric-vehicle-batteries,docs.example.org,"Reference docs covering electric vehicle batteries, setup, and common patterns.",2026-06-15T07:06:30Z,medium,"electric,vehicle,batteries,official,documentation,reference",how-to,medium,SERP-visible evidence shapes what people discover when researching this topic.,Skim for relevance and cite if it informs the brief.
E005,news,None,"""electric vehicle batteries""",5,Announcing new updates around electric vehicle batteries,https://www.technews.com/electric-vehicle-batteries,technews.com,News roundup covering recent releases and launches related to electric vehicle batteries this month.,2026-06-15T07:06:30Z,medium,"electric,vehicle,batteries,announcing,updates,around",release,medium,A new release/announcement — likely the freshest movement in the window.,Summarize what shipped and decide whether it changes your current view.
E006,code-github,None,"""electric vehicle batteries""",6,example/electric-vehicle-batteries: open-source take on electric vehicle batteries,https://github.com/example/electric-vehicle-batteries,github.com,"GitHub repo implementing electric vehicle batteries; recent releases, stars, and issues.",2026-06-15T07:06:30Z,medium,"electric,vehicle,batteries,example,electric-vehicle-batteries,open-source",release,medium,A new release/announcement — likely the freshest movement in the window.,Summarize what shipped and decide whether it changes your current view.
E007,blog,None,"""electric vehicle batteries"" latest",1,Deep dive: electric vehicle batteries latest,https://blog.example.com/electric-vehicle-batteries-latest,blog.example.com,A practitioner blog post exploring electric vehicle batteries latest with concrete examples and tradeoffs.,2026-06-15T07:06:30Z,medium,"electric,vehicle,batteries,practitioner,blog,post",how-to,medium,SERP-visible evidence shapes what people discover when researching this topic.,Skim for relevance and cite if it informs the brief.
E008,community-reddit,None,"""electric vehicle batteries"" latest",2,Discussion: is electric vehicle batteries latest worth it?,https://www.reddit.com/r/all/comments/13e9bb/electric-vehicle-batteries-latest/,reddit.com/r/all,Reddit thread weighing pros and cons of electric vehicle batteries latest; lots of first-hand takes and complaints.,2026-06-15T07:06:30Z,medium,"electric,vehicle,batteries,discussion,reddit,thread",discussion,medium,Community discussion reflects what practitioners are actually asking and arguing about.,Read the thread for primary-source quotes worth citing.
E009,community-hn,None,"""electric vehicle batteries"" latest",3,Show HN: a project about electric vehicle batteries latest,https://news.ycombinator.com/item?id=11270843,news.ycombinator.com,Hacker News discussion where developers debate electric vehicle batteries latest and link to source.,2026-06-15T07:06:30Z,medium,"electric,vehicle,batteries,show,project,hacker",discussion,medium,Community discussion reflects what practitioners are actually asking and arguing about.,Read the thread for primary-source quotes worth citing.
E010,docs,None,"""electric vehicle batteries"" latest",4,electric vehicle batteries latest: official documentation,https://docs.example.org/electric-vehicle-batteries-latest,docs.example.org,"Reference docs covering electric vehicle batteries latest, setup, and common patterns.",2026-06-15T07:06:30Z,medium,"electric,vehicle,batteries,official,documentation,reference",how-to,medium,SERP-visible evidence shapes what people discover when researching this topic.,Skim for relevance and cite if it informs the brief.
E011,news,None,"""electric vehicle batteries"" latest",5,Announcing new updates around electric vehicle batteries latest,https://www.technews.com/electric-vehicle-batteries-latest,technews.com,News roundup covering recent releases and launches related to electric vehicle batteries latest this month.,2026-06-15T07:06:30Z,medium,"electric,vehicle,batteries,announcing,updates,around",release,medium,A new release/announcement — likely the freshest movement in the window.,Summarize what shipped and decide whether it changes your current view.
E012,code-github,None,"""electric vehicle batteries"" latest",6,example/electric-vehicle-batteries-latest: open-source take on electric vehicle batteries latest,https://github.com/example/electric-vehicle-batteries-latest,github.com,"GitHub repo implementing electric vehicle batteries latest; recent releases, stars, and issues.",2026-06-15T07:06:30Z,medium,"electric,vehicle,batteries,example,electric-vehicle-batteries-latest,open-source",release,medium,A new release/announcement — likely the freshest movement in the window.,Summarize what shipped and decide whether it changes your current view.
E013,blog,None,"""electric vehicle batteries"" news",1,Deep dive: electric vehicle batteries news,https://blog.example.com/electric-vehicle-batteries-news,blog.example.com,A practitioner blog post exploring electric vehicle batteries news with concrete examples and tradeoffs.,2026-06-15T07:06:30Z,medium,"electric,vehicle,batteries,practitioner,blog,post",how-to,medium,SERP-visible evidence shapes what people discover when researching this topic.,Skim for relevance and cite if it informs the brief.
E014,community-reddit,None,"""electric vehicle batteries"" news",2,Discussion: is electric vehicle batteries news worth it?,https://www.reddit.com/r/all/comments/323dc1/electric-vehicle-batteries-news/,reddit.com/r/all,Reddit thread weighing pros and cons of electric vehicle batteries news; lots of first-hand takes and complaints.,2026-06-15T07:06:30Z,medium,"electric,vehicle,batteries,discussion,reddit,thread",discussion,medium,Community discussion reflects what practitioners are actually asking and arguing about.,Read the thread for primary-source quotes worth citing.
E015,community-hn,None,"""electric vehicle batteries"" news",3,Show HN: a project about electric vehicle batteries news,https://news.ycombinator.com/item?id=11390630,news.ycombinator.com,Hacker News discussion where developers debate electric vehicle batteries news and link to source.,2026-06-15T07:06:30Z,medium,"electric,vehicle,batteries,show,project,hacker",discussion,medium,Community discussion reflects what practitioners are actually asking and arguing about.,Read the thread for primary-source quotes worth citing.
E016,docs,None,"""electric vehicle batteries"" news",4,electric vehicle batteries news: official documentation,https://docs.example.org/electric-vehicle-batteries-news,docs.example.org,"Reference docs covering electric vehicle batteries news, setup, and common patterns.",2026-06-15T07:06:30Z,medium,"electric,vehicle,batteries,official,documentation,reference",how-to,medium,SERP-visible evidence shapes what people discover when researching this topic.,Skim for relevance and cite if it informs the brief.
E017,news,None,"""electric vehicle batteries"" news",5,Announcing new updates around electric vehicle batteries news,https://www.technews.com/electric-vehicle-batteries-news,technews.com,News roundup covering recent releases and launches related to electric vehicle batteries news this month.,2026-06-15T07:06:30Z,medium,"electric,vehicle,batteries,announcing,updates,around",release,medium,A new release/announcement — likely the freshest movement in the window.,Summarize what shipped and decide whether it changes your current view.
E018,code-github,None,"""electric vehicle batteries"" news",6,example/electric-vehicle-batteries-news: open-source take on electric vehicle batteries news,https://github.com/example/electric-vehicle-batteries-news,github.com,"GitHub repo implementing electric vehicle batteries news; recent releases, stars, and issues.",2026-06-15T07:06:30Z,medium,"electric,vehicle,batteries,example,electric-vehicle-batteries-news,open-source",release,medium,A new release/announcement — likely the freshest movement in the window.,Summarize what shipped and decide whether it changes your current view.
E019,blog,None,"""electric vehicle batteries"" update",1,Deep dive: electric vehicle batteries update,https://blog.example.com/electric-vehicle-batteries-update,blog.example.com,A practitioner blog post exploring electric vehicle batteries update with concrete examples and tradeoffs.,2026-06-15T07:06:30Z,medium,"electric,vehicle,batteries,update,practitioner,blog",how-to,medium,SERP-visible evidence shapes what people discover when researching this topic.,Skim for relevance and cite if it informs the brief.
E020,community-reddit,None,"""electric vehicle batteries"" update",2,Discussion: is electric vehicle batteries update worth it?,https://www.reddit.com/r/all/comments/e8d7ae/electric-vehicle-batteries-update/,reddit.com/r/all,Reddit thread weighing pros and cons of electric vehicle batteries update; lots of first-hand takes and complaints.,2026-06-15T07:06:30Z,medium,"electric,vehicle,batteries,discussion,update,reddit",discussion,medium,Community discussion reflects what practitioners are actually asking and arguing about.,Read the thread for primary-source quotes worth citing.
E021,community-hn,None,"""electric vehicle batteries"" update",3,Show HN: a project about electric vehicle batteries update,https://news.ycombinator.com/item?id=16499107,news.ycombinator.com,Hacker News discussion where developers debate electric vehicle batteries update and link to source.,2026-06-15T07:06:30Z,medium,"electric,vehicle,batteries,show,project,update",discussion,medium,Community discussion reflects what practitioners are actually asking and arguing about.,Read the thread for primary-source quotes worth citing.
E022,docs,None,"""electric vehicle batteries"" update",4,electric vehicle batteries update: official documentation,https://docs.example.org/electric-vehicle-batteries-update,docs.example.org,"Reference docs covering electric vehicle batteries update, setup, and common patterns.",2026-06-15T07:06:30Z,medium,"electric,vehicle,batteries,update,official,documentation",how-to,medium,SERP-visible evidence shapes what people discover when researching this topic.,Skim for relevance and cite if it informs the brief.
E023,news,None,"""electric vehicle batteries"" update",5,Announcing new updates around electric vehicle batteries update,https://www.technews.com/electric-vehicle-batteries-update,technews.com,News roundup covering recent releases and launches related to electric vehicle batteries update this month.,2026-06-15T07:06:30Z,medium,"electric,vehicle,batteries,announcing,updates,around",release,medium,A new release/announcement — likely the freshest movement in the window.,Summarize what shipped and decide whether it changes your current view.
E024,code-github,None,"""electric vehicle batteries"" update",6,example/electric-vehicle-batteries-update: open-source take on electric vehicle batteries update,https://github.com/example/electric-vehicle-batteries-update,github.com,"GitHub repo implementing electric vehicle batteries update; recent releases, stars, and issues.",2026-06-15T07:06:30Z,medium,"electric,vehicle,batteries,example,electric-vehicle-batteries-update,open-source",release,medium,A new release/announcement — likely the freshest movement in the window.,Summarize what shipped and decide whether it changes your current view.
E025,blog,None,"""electric vehicle batteries"" release",1,Deep dive: electric vehicle batteries release,https://blog.example.com/electric-vehicle-batteries-release,blog.example.com,A practitioner blog post exploring electric vehicle batteries release with concrete examples and tradeoffs.,2026-06-15T07:06:30Z,medium,"electric,vehicle,batteries,release,practitioner,blog",release,medium,A new release/announcement — likely the freshest movement in the window.,Summarize what shipped and decide whether it changes your current view.
E026,community-reddit,None,"""electric vehicle batteries"" release",2,Discussion: is electric vehicle batteries release worth it?,https://www.reddit.com/r/all/comments/377a3d/electric-vehicle-batteries-release/,reddit.com/r/all,Reddit thread weighing pros and cons of electric vehicle batteries release; lots of first-hand takes and complaints.,2026-06-15T07:06:30Z,medium,"electric,vehicle,batteries,discussion,release,reddit",release,medium,A new release/announcement — likely the freshest movement in the window.,Summarize what shipped and decide whether it changes your current view.
E027,community-hn,None,"""electric vehicle batteries"" release",3,Show HN: a project about electric vehicle batteries release,https://news.ycombinator.com/item?id=146349,news.ycombinator.com,Hacker News discussion where developers debate electric vehicle batteries release and link to source.,2026-06-15T07:06:30Z,medium,"electric,vehicle,batteries,show,project,release",release,medium,A new release/announcement — likely the freshest movement in the window.,Summarize what shipped and decide whether it changes your current view.
E028,docs,None,"""electric vehicle batteries"" release",4,electric vehicle batteries release: official documentation,https://docs.example.org/electric-vehicle-batteries-release,docs.example.org,"Reference docs covering electric vehicle batteries release, setup, and common patterns.",2026-06-15T07:06:30Z,medium,"electric,vehicle,batteries,release,official,documentation",release,medium,A new release/announcement — likely the freshest movement in the window.,Summarize what shipped and decide whether it changes your current view.
E029,news,None,"""electric vehicle batteries"" release",5,Announcing new updates around electric vehicle batteries release,https://www.technews.com/electric-vehicle-batteries-release,technews.com,News roundup covering recent releases and launches related to electric vehicle batteries release this month.,2026-06-15T07:06:30Z,medium,"electric,vehicle,batteries,announcing,updates,around",release,medium,A new release/announcement — likely the freshest movement in the window.,Summarize what shipped and decide whether it changes your current view.
E030,code-github,None,"""electric vehicle batteries"" release",6,example/electric-vehicle-batteries-release: open-source take on electric vehicle batteries release,https://github.com/example/electric-vehicle-batteries-release,github.com,"GitHub repo implementing electric vehicle batteries release; recent releases, stars, and issues.",2026-06-15T07:06:30Z,medium,"electric,vehicle,batteries,example,electric-vehicle-batteries-release,open-source",release,medium,A new release/announcement — likely the freshest movement in the window.,Summarize what shipped and decide whether it changes your current view.
E031,blog,None,"""electric vehicle batteries"" roadmap",1,Deep dive: electric vehicle batteries roadmap,https://blog.example.com/electric-vehicle-batteries-roadmap,blog.example.com,A practitioner blog post exploring electric vehicle batteries roadmap with concrete examples and tradeoffs.,2026-06-15T07:06:30Z,medium,"electric,vehicle,batteries,roadmap,practitioner,blog",how-to,medium,SERP-visible evidence shapes what people discover when researching this topic.,Skim for relevance and cite if it informs the brief.
E032,community-reddit,None,"""electric vehicle batteries"" roadmap",2,Discussion: is electric vehicle batteries roadmap worth it?,https://www.reddit.com/r/all/comments/7c3e7c/electric-vehicle-batteries-roadmap/,reddit.com/r/all,Reddit thread weighing pros and cons of electric vehicle batteries roadmap; lots of first-hand takes and complaints.,2026-06-15T07:06:30Z,medium,"electric,vehicle,batteries,discussion,roadmap,reddit",discussion,medium,Community discussion reflects what practitioners are actually asking and arguing about.,Read the thread for primary-source quotes worth citing.
E033,community-hn,None,"""electric vehicle batteries"" roadmap",3,Show HN: a project about electric vehicle batteries roadmap,https://news.ycombinator.com/item?id=7251952,news.ycombinator.com,Hacker News discussion where developers debate electric vehicle batteries roadmap and link to source.,2026-06-15T07:06:30Z,medium,"electric,vehicle,batteries,show,project,roadmap",discussion,medium,Community discussion reflects what practitioners are actually asking and arguing about.,Read the thread for primary-source quotes worth citing.
E034,docs,None,"""electric vehicle batteries"" roadmap",4,electric vehicle batteries roadmap: official documentation,https://docs.example.org/electric-vehicle-batteries-roadmap,docs.example.org,"Reference docs covering electric vehicle batteries roadmap, setup, and common patterns.",2026-06-15T07:06:30Z,medium,"electric,vehicle,batteries,roadmap,official,documentation",how-to,medium,SERP-visible evidence shapes what people discover when researching this topic.,Skim for relevance and cite if it informs the brief.
E035,news,None,"""electric vehicle batteries"" roadmap",5,Announcing new updates around electric vehicle batteries roadmap,https://www.technews.com/electric-vehicle-batteries-roadmap,technews.com,News roundup covering recent releases and launches related to electric vehicle batteries roadmap this month.,2026-06-15T07:06:30Z,medium,"electric,vehicle,batteries,announcing,updates,around",release,medium,A new release/announcement — likely the freshest movement in the window.,Summarize what shipped and decide whether it changes your current view.
E036,code-github,None,"""electric vehicle batteries"" roadmap",6,example/electric-vehicle-batteries-roadmap: open-source take on electric vehicle batteries roadmap,https://github.com/example/electric-vehicle-batteries-roadmap,github.com,"GitHub repo implementing electric vehicle batteries roadmap; recent releases, stars, and issues.",2026-06-15T07:06:30Z,medium,"electric,vehicle,batteries,example,electric-vehicle-batteries-roadmap,open-source",release,medium,A new release/announcement — likely the freshest movement in the window.,Summarize what shipped and decide whether it changes your current view.
E037,blog,None,"""electric vehicle batteries"" this month",1,Deep dive: electric vehicle batteries this month,https://blog.example.com/electric-vehicle-batteries-this-month,blog.example.com,A practitioner blog post exploring electric vehicle batteries this month with concrete examples and tradeoffs.,2026-06-15T07:06:30Z,medium,"electric,vehicle,batteries,month,practitioner,blog",how-to,medium,SERP-visible evidence shapes what people discover when researching this topic.,Skim for relevance and cite if it informs the brief.
E038,community-reddit,None,"""electric vehicle batteries"" this month",2,Discussion: is electric vehicle batteries this month worth it?,https://www.reddit.com/r/all/comments/c7bccd/electric-vehicle-batteries-this-month/,reddit.com/r/all,Reddit thread weighing pros and cons of electric vehicle batteries this month; lots of first-hand takes and complaints.,2026-06-15T07:06:30Z,medium,"electric,vehicle,batteries,discussion,month,reddit",discussion,medium,Community discussion reflects what practitioners are actually asking and arguing about.,Read the thread for primary-source quotes worth citing.
E039,community-hn,None,"""electric vehicle batteries"" this month",3,Show HN: a project about electric vehicle batteries this month,https://news.ycombinator.com/item?id=1464271,news.ycombinator.com,Hacker News discussion where developers debate electric vehicle batteries this month and link to source.,2026-06-15T07:06:30Z,medium,"electric,vehicle,batteries,show,project,month",discussion,medium,Community discussion reflects what practitioners are actually asking and arguing about.,Read the thread for primary-source quotes worth citing.
E040,docs,None,"""electric vehicle batteries"" this month",4,electric vehicle batteries this month: official documentation,https://docs.example.org/electric-vehicle-batteries-this-month,docs.example.org,"Reference docs covering electric vehicle batteries this month, setup, and common patterns.",2026-06-15T07:06:30Z,medium,"electric,vehicle,batteries,month,official,documentation",how-to,medium,SERP-visible evidence shapes what people discover when researching this topic.,Skim for relevance and cite if it informs the brief.
E041,news,None,"""electric vehicle batteries"" this month",5,Announcing new updates around electric vehicle batteries this month,https://www.technews.com/electric-vehicle-batteries-this-month,technews.com,News roundup covering recent releases and launches related to electric vehicle batteries this month this month.,2026-06-15T07:06:30Z,medium,"electric,vehicle,batteries,announcing,updates,around",release,medium,A new release/announcement — likely the freshest movement in the window.,Summarize what shipped and decide whether it changes your current view.
E042,code-github,None,"""electric vehicle batteries"" this month",6,example/electric-vehicle-batteries-this-month: open-source take on electric vehicle batteries this month,https://github.com/example/electric-vehicle-batteries-this-month,github.com,"GitHub repo implementing electric vehicle batteries this month; recent releases, stars, and issues.",2026-06-15T07:06:30Z,medium,"electric,vehicle,batteries,example,electric-vehicle-batteries-this-month,open-source",release,medium,A new release/announcement — likely the freshest movement in the window.,Summarize what shipped and decide whether it changes your current view.
E043,blog,None,"""electric vehicle batteries"" guide",1,Deep dive: electric vehicle batteries guide,https://blog.example.com/electric-vehicle-batteries-guide,blog.example.com,A practitioner blog post exploring electric vehicle batteries guide with concrete examples and tradeoffs.,2026-06-15T07:06:30Z,medium,"electric,vehicle,batteries,practitioner,blog,post",how-to,medium,SERP-visible evidence shapes what people discover when researching this topic.,Skim for relevance and cite if it informs the brief.
E044,community-reddit,None,"""electric vehicle batteries"" guide",2,Discussion: is electric vehicle batteries guide worth it?,https://www.reddit.com/r/all/comments/70cd26/electric-vehicle-batteries-guide/,reddit.com/r/all,Reddit thread weighing pros and cons of electric vehicle batteries guide; lots of first-hand takes and complaints.,2026-06-15T07:06:30Z,medium,"electric,vehicle,batteries,discussion,reddit,thread",how-to,medium,Community discussion reflects what practitioners are actually asking and arguing about.,Read the thread for primary-source quotes worth citing.
E045,community-hn,None,"""electric vehicle batteries"" guide",3,Show HN: a project about electric vehicle batteries guide,https://news.ycombinator.com/item?id=8207885,news.ycombinator.com,Hacker News discussion where developers debate electric vehicle batteries guide and link to source.,2026-06-15T07:06:30Z,medium,"electric,vehicle,batteries,show,project,hacker",how-to,medium,Community discussion reflects what practitioners are actually asking and arguing about.,Read the thread for primary-source quotes worth citing.
E046,docs,None,"""electric vehicle batteries"" guide",4,electric vehicle batteries guide: official documentation,https://docs.example.org/electric-vehicle-batteries-guide,docs.example.org,"Reference docs covering electric vehicle batteries guide, setup, and common patterns.",2026-06-15T07:06:30Z,medium,"electric,vehicle,batteries,official,documentation,reference",how-to,medium,SERP-visible evidence shapes what people discover when researching this topic.,Skim for relevance and cite if it informs the brief.
E047,news,None,"""electric vehicle batteries"" guide",5,Announcing new updates around electric vehicle batteries guide,https://www.technews.com/electric-vehicle-batteries-guide,technews.com,News roundup covering recent releases and launches related to electric vehicle batteries guide this month.,2026-06-15T07:06:30Z,medium,"electric,vehicle,batteries,announcing,updates,around",release,medium,A new release/announcement — likely the freshest movement in the window.,Summarize what shipped and decide whether it changes your current view.
E048,code-github,None,"""electric vehicle batteries"" guide",6,example/electric-vehicle-batteries-guide: open-source take on electric vehicle batteries guide,https://github.com/example/electric-vehicle-batteries-guide,github.com,"GitHub repo implementing electric vehicle batteries guide; recent releases, stars, and issues.",2026-06-15T07:06:30Z,medium,"electric,vehicle,batteries,example,electric-vehicle-batteries-guide,open-source",release,medium,A new release/announcement — likely the freshest movement in the window.,Summarize what shipped and decide whether it changes your current view.
E049,blog,None,"""electric vehicle batteries"" tutorial",1,Deep dive: electric vehicle batteries tutorial,https://blog.example.com/electric-vehicle-batteries-tutorial,blog.example.com,A practitioner blog post exploring electric vehicle batteries tutorial with concrete examples and tradeoffs.,2026-06-15T07:06:30Z,medium,"electric,vehicle,batteries,tutorial,practitioner,blog",how-to,medium,SERP-visible evidence shapes what people discover when researching this topic.,Skim for relevance and cite if it informs the brief.
E050,community-reddit,None,"""electric vehicle batteries"" tutorial",2,Discussion: is electric vehicle batteries tutorial worth it?,https://www.reddit.com/r/all/comments/0b1c82/electric-vehicle-batteries-tutorial/,reddit.com/r/all,Reddit thread weighing pros and cons of electric vehicle batteries tutorial; lots of first-hand takes and complaints.,2026-06-15T07:06:30Z,medium,"electric,vehicle,batteries,discussion,tutorial,reddit",how-to,medium,Community discussion reflects what practitioners are actually asking and arguing about.,Read the thread for primary-source quotes worth citing.
E051,community-hn,None,"""electric vehicle batteries"" tutorial",3,Show HN: a project about electric vehicle batteries tutorial,https://news.ycombinator.com/item?id=3595958,news.ycombinator.com,Hacker News discussion where developers debate electric vehicle batteries tutorial and link to source.,2026-06-15T07:06:30Z,medium,"electric,vehicle,batteries,show,project,tutorial",how-to,medium,Community discussion reflects what practitioners are actually asking and arguing about.,Read the thread for primary-source quotes worth citing.
E052,docs,None,"""electric vehicle batteries"" tutorial",4,electric vehicle batteries tutorial: official documentation,https://docs.example.org/electric-vehicle-batteries-tutorial,docs.example.org,"Reference docs covering electric vehicle batteries tutorial, setup, and common patterns.",2026-06-15T07:06:30Z,medium,"electric,vehicle,batteries,tutorial,official,documentation",how-to,medium,SERP-visible evidence shapes what people discover when researching this topic.,Skim for relevance and cite if it informs the brief.
E053,news,None,"""electric vehicle batteries"" tutorial",5,Announcing new updates around electric vehicle batteries tutorial,https://www.technews.com/electric-vehicle-batteries-tutorial,technews.com,News roundup covering recent releases and launches related to electric vehicle batteries tutorial this month.,2026-06-15T07:06:30Z,medium,"electric,vehicle,batteries,announcing,updates,around",release,medium,A new release/announcement — likely the freshest movement in the window.,Summarize what shipped and decide whether it changes your current view.
E054,code-github,None,"""electric vehicle batteries"" tutorial",6,example/electric-vehicle-batteries-tutorial: open-source take on electric vehicle batteries tutorial,https://github.com/example/electric-vehicle-batteries-tutorial,github.com,"GitHub repo implementing electric vehicle batteries tutorial; recent releases, stars, and issues.",2026-06-15T07:06:30Z,medium,"electric,vehicle,batteries,example,electric-vehicle-batteries-tutorial,open-source",release,medium,A new release/announcement — likely the freshest movement in the window.,Summarize what shipped and decide whether it changes your current view.
E055,blog,None,"""electric vehicle batteries"" review",1,Deep dive: electric vehicle batteries review,https://blog.example.com/electric-vehicle-batteries-review,blog.example.com,A practitioner blog post exploring electric vehicle batteries review with concrete examples and tradeoffs.,2026-06-15T07:06:30Z,medium,"electric,vehicle,batteries,practitioner,blog,post",how-to,medium,SERP-visible evidence shapes what people discover when researching this topic.,Skim for relevance and cite if it informs the brief.
E056,community-reddit,None,"""electric vehicle batteries"" review",2,Discussion: is electric vehicle batteries review worth it?,https://www.reddit.com/r/all/comments/f59c78/electric-vehicle-batteries-review/,reddit.com/r/all,Reddit thread weighing pros and cons of electric vehicle batteries review; lots of first-hand takes and complaints.,2026-06-15T07:06:30Z,medium,"electric,vehicle,batteries,discussion,reddit,thread",discussion,medium,Community discussion reflects what practitioners are actually asking and arguing about.,Read the thread for primary-source quotes worth citing.
E057,community-hn,None,"""electric vehicle batteries"" review",3,Show HN: a project about electric vehicle batteries review,https://news.ycombinator.com/item?id=13743954,news.ycombinator.com,Hacker News discussion where developers debate electric vehicle batteries review and link to source.,2026-06-15T07:06:30Z,medium,"electric,vehicle,batteries,show,project,hacker",discussion,medium,Community discussion reflects what practitioners are actually asking and arguing about.,Read the thread for primary-source quotes worth citing.
E058,docs,None,"""electric vehicle batteries"" review",4,electric vehicle batteries review: official documentation,https://docs.example.org/electric-vehicle-batteries-review,docs.example.org,"Reference docs covering electric vehicle batteries review, setup, and common patterns.",2026-06-15T07:06:30Z,medium,"electric,vehicle,batteries,official,documentation,reference",how-to,medium,SERP-visible evidence shapes what people discover when researching this topic.,Skim for relevance and cite if it informs the brief.
E059,news,None,"""electric vehicle batteries"" review",5,Announcing new updates around electric vehicle batteries review,https://www.technews.com/electric-vehicle-batteries-review,technews.com,News roundup covering recent releases and launches related to electric vehicle batteries review this month.,2026-06-15T07:06:30Z,medium,"electric,vehicle,batteries,announcing,updates,around",release,medium,A new release/announcement — likely the freshest movement in the window.,Summarize what shipped and decide whether it changes your current view.
E060,code-github,None,"""electric vehicle batteries"" review",6,example/electric-vehicle-batteries-review: open-source take on electric vehicle batteries review,https://github.com/example/electric-vehicle-batteries-review,github.com,"GitHub repo implementing electric vehicle batteries review; recent releases, stars, and issues.",2026-06-15T07:06:30Z,medium,"electric,vehicle,batteries,example,electric-vehicle-batteries-review,open-source",release,medium,A new release/announcement — likely the freshest movement in the window.,Summarize what shipped and decide whether it changes your current view.
E061,blog,None,"""electric vehicle batteries"" alternatives",1,Deep dive: electric vehicle batteries alternatives,https://blog.example.com/electric-vehicle-batteries-alternatives,blog.example.com,A practitioner blog post exploring electric vehicle batteries alternatives with concrete examples and tradeoffs.,2026-06-15T07:06:30Z,medium,"electric,vehicle,batteries,alternatives,practitioner,blog",comparison,medium,SERP-visible evidence shapes what people discover when researching this topic.,Extract the comparison criteria; note which options win and why.
E062,community-reddit,None,"""electric vehicle batteries"" alternatives",2,Discussion: is electric vehicle batteries alternatives worth it?,https://www.reddit.com/r/all/comments/94c59f/electric-vehicle-batteries-alternatives/,reddit.com/r/all,Reddit thread weighing pros and cons of electric vehicle batteries alternatives; lots of first-hand takes and complaints.,2026-06-15T07:06:30Z,medium,"electric,vehicle,batteries,discussion,alternatives,reddit",comparison,medium,Community discussion reflects what practitioners are actually asking and arguing about.,Extract the comparison criteria; note which options win and why.
E063,community-hn,None,"""electric vehicle batteries"" alternatives",3,Show HN: a project about electric vehicle batteries alternatives,https://news.ycombinator.com/item?id=11553761,news.ycombinator.com,Hacker News discussion where developers debate electric vehicle batteries alternatives and link to source.,2026-06-15T07:06:30Z,medium,"electric,vehicle,batteries,show,project,alternatives",comparison,medium,Community discussion reflects what practitioners are actually asking and arguing about.,Extract the comparison criteria; note which options win and why.
E064,docs,None,"""electric vehicle batteries"" alternatives",4,electric vehicle batteries alternatives: official documentation,https://docs.example.org/electric-vehicle-batteries-alternatives,docs.example.org,"Reference docs covering electric vehicle batteries alternatives, setup, and common patterns.",2026-06-15T07:06:30Z,medium,"electric,vehicle,batteries,alternatives,official,documentation",comparison,medium,SERP-visible evidence shapes what people discover when researching this topic.,Extract the comparison criteria; note which options win and why.
E065,news,None,"""electric vehicle batteries"" alternatives",5,Announcing new updates around electric vehicle batteries alternatives,https://www.technews.com/electric-vehicle-batteries-alternatives,technews.com,News roundup covering recent releases and launches related to electric vehicle batteries alternatives this month.,2026-06-15T07:06:30Z,medium,"electric,vehicle,batteries,announcing,updates,around",release,medium,A new release/announcement — likely the freshest movement in the window.,Summarize what shipped and decide whether it changes your current view.
E066,code-github,None,"""electric vehicle batteries"" alternatives",6,example/electric-vehicle-batteries-alternatives: open-source take on electric vehicle batteries alternatives,https://github.com/example/electric-vehicle-batteries-alternatives,github.com,"GitHub repo implementing electric vehicle batteries alternatives; recent releases, stars, and issues.",2026-06-15T07:06:30Z,medium,"electric,vehicle,batteries,example,electric-vehicle-batteries-alternatives,open-source",release,medium,A new release/announcement — likely the freshest movement in the window.,Summarize what shipped and decide whether it changes your current view.
E067,blog,None,"""electric vehicle batteries"" best",1,Deep dive: electric vehicle batteries best,https://blog.example.com/electric-vehicle-batteries-best,blog.example.com,A practitioner blog post exploring electric vehicle batteries best with concrete examples and tradeoffs.,2026-06-15T07:06:30Z,medium,"electric,vehicle,batteries,practitioner,blog,post",how-to,medium,SERP-visible evidence shapes what people discover when researching this topic.,Skim for relevance and cite if it informs the brief.
E068,community-reddit,None,"""electric vehicle batteries"" best",2,Discussion: is electric vehicle batteries best worth it?,https://www.reddit.com/r/all/comments/e0a2b3/electric-vehicle-batteries-best/,reddit.com/r/all,Reddit thread weighing pros and cons of electric vehicle batteries best; lots of first-hand takes and complaints.,2026-06-15T07:06:30Z,medium,"electric,vehicle,batteries,discussion,reddit,thread",discussion,medium,Community discussion reflects what practitioners are actually asking and arguing about.,Read the thread for primary-source quotes worth citing.
E069,community-hn,None,"""electric vehicle batteries"" best",3,Show HN: a project about electric vehicle batteries best,https://news.ycombinator.com/item?id=5151767,news.ycombinator.com,Hacker News discussion where developers debate electric vehicle batteries best and link to source.,2026-06-15T07:06:30Z,medium,"electric,vehicle,batteries,show,project,hacker",discussion,medium,Community discussion reflects what practitioners are actually asking and arguing about.,Read the thread for primary-source quotes worth citing.
E070,docs,None,"""electric vehicle batteries"" best",4,electric vehicle batteries best: official documentation,https://docs.example.org/electric-vehicle-batteries-best,docs.example.org,"Reference docs covering electric vehicle batteries best, setup, and common patterns.",2026-06-15T07:06:30Z,medium,"electric,vehicle,batteries,official,documentation,reference",how-to,medium,SERP-visible evidence shapes what people discover when researching this topic.,Skim for relevance and cite if it informs the brief.
E071,news,None,"""electric vehicle batteries"" best",5,Announcing new updates around electric vehicle batteries best,https://www.technews.com/electric-vehicle-batteries-best,technews.com,News roundup covering recent releases and launches related to electric vehicle batteries best this month.,2026-06-15T07:06:30Z,medium,"electric,vehicle,batteries,announcing,updates,around",release,medium,A new release/announcement — likely the freshest movement in the window.,Summarize what shipped and decide whether it changes your current view.
E072,code-github,None,"""electric vehicle batteries"" best",6,example/electric-vehicle-batteries-best: open-source take on electric vehicle batteries best,https://github.com/example/electric-vehicle-batteries-best,github.com,"GitHub repo implementing electric vehicle batteries best; recent releases, stars, and issues.",2026-06-15T07:06:30Z,medium,"electric,vehicle,batteries,example,electric-vehicle-batteries-best,open-source",release,medium,A new release/announcement — likely the freshest movement in the window.,Summarize what shipped and decide whether it changes your current view.
E073,blog,None,"""electric vehicle batteries"" examples",1,Deep dive: electric vehicle batteries examples,https://blog.example.com/electric-vehicle-batteries-examples,blog.example.com,A practitioner blog post exploring electric vehicle batteries examples with concrete examples and tradeoffs.,2026-06-15T07:06:30Z,medium,"electric,vehicle,batteries,examples,practitioner,blog",how-to,medium,SERP-visible evidence shapes what people discover when researching this topic.,Skim for relevance and cite if it informs the brief.
E074,community-reddit,None,"""electric vehicle batteries"" examples",2,Discussion: is electric vehicle batteries examples worth it?,https://www.reddit.com/r/all/comments/51cb82/electric-vehicle-batteries-examples/,reddit.com/r/all,Reddit thread weighing pros and cons of electric vehicle batteries examples; lots of first-hand takes and complaints.,2026-06-15T07:06:30Z,medium,"electric,vehicle,batteries,discussion,examples,reddit",how-to,medium,Community discussion reflects what practitioners are actually asking and arguing about.,Read the thread for primary-source quotes worth citing.
E075,community-hn,None,"""electric vehicle batteries"" examples",3,Show HN: a project about electric vehicle batteries examples,https://news.ycombinator.com/item?id=11832391,news.ycombinator.com,Hacker News discussion where developers debate electric vehicle batteries examples and link to source.,2026-06-15T07:06:30Z,medium,"electric,vehicle,batteries,show,project,examples",how-to,medium,Community discussion reflects what practitioners are actually asking and arguing about.,Read the thread for primary-source quotes worth citing.
E076,docs,None,"""electric vehicle batteries"" examples",4,electric vehicle batteries examples: official documentation,https://docs.example.org/electric-vehicle-batteries-examples,docs.example.org,"Reference docs covering electric vehicle batteries examples, setup, and common patterns.",2026-06-15T07:06:30Z,medium,"electric,vehicle,batteries,examples,official,documentation",how-to,medium,SERP-visible evidence shapes what people discover when researching this topic.,Skim for relevance and cite if it informs the brief.
E077,news,None,"""electric vehicle batteries"" examples",5,Announcing new updates around electric vehicle batteries examples,https://www.technews.com/electric-vehicle-batteries-examples,technews.com,News roundup covering recent releases and launches related to electric vehicle batteries examples this month.,2026-06-15T07:06:30Z,medium,"electric,vehicle,batteries,announcing,updates,around",release,medium,A new release/announcement — likely the freshest movement in the window.,Summarize what shipped and decide whether it changes your current view.
E078,code-github,None,"""electric vehicle batteries"" examples",6,example/electric-vehicle-batteries-examples: open-source take on electric vehicle batteries examples,https://github.com/example/electric-vehicle-batteries-examples,github.com,"GitHub repo implementing electric vehicle batteries examples; recent releases, stars, and issues.",2026-06-15T07:06:30Z,medium,"electric,vehicle,batteries,example,electric-vehicle-batteries-examples,open-source",release,medium,A new release/announcement — likely the freshest movement in the window.,Summarize what shipped and decide whether it changes your current view.
E079,blog,None,"""electric vehicle batteries"" ""solid state""",1,Deep dive: electric vehicle batteries solid state,https://blog.example.com/electric-vehicle-batteries-solid-state,blog.example.com,A practitioner blog post exploring electric vehicle batteries solid state with concrete examples and tradeoffs.,2026-06-15T07:06:30Z,medium,"electric,vehicle,batteries,solid,state,practitioner",how-to,medium,SERP-visible evidence shapes what people discover when researching this topic.,Skim for relevance and cite if it informs the brief.
E080,community-reddit,None,"""electric vehicle batteries"" ""solid state""",2,Discussion: is electric vehicle batteries solid state worth it?,https://www.reddit.com/r/all/comments/94d574/electric-vehicle-batteries-solid-state/,reddit.com/r/all,Reddit thread weighing pros and cons of electric vehicle batteries solid state; lots of first-hand takes and complaints.,2026-06-15T07:06:30Z,medium,"electric,vehicle,batteries,discussion,solid,state",discussion,medium,Community discussion reflects what practitioners are actually asking and arguing about.,Read the thread for primary-source quotes worth citing.
E081,community-hn,None,"""electric vehicle batteries"" ""solid state""",3,Show HN: a project about electric vehicle batteries solid state,https://news.ycombinator.com/item?id=9111919,news.ycombinator.com,Hacker News discussion where developers debate electric vehicle batteries solid state and link to source.,2026-06-15T07:06:30Z,medium,"electric,vehicle,batteries,show,project,solid",discussion,medium,Community discussion reflects what practitioners are actually asking and arguing about.,Read the thread for primary-source quotes worth citing.
E082,docs,None,"""electric vehicle batteries"" ""solid state""",4,electric vehicle batteries solid state: official documentation,https://docs.example.org/electric-vehicle-batteries-solid-state,docs.example.org,"Reference docs covering electric vehicle batteries solid state, setup, and common patterns.",2026-06-15T07:06:30Z,medium,"electric,vehicle,batteries,solid,state,official",how-to,medium,SERP-visible evidence shapes what people discover when researching this topic.,Skim for relevance and cite if it informs the brief.
E083,news,None,"""electric vehicle batteries"" ""solid state""",5,Announcing new updates around electric vehicle batteries solid state,https://www.technews.com/electric-vehicle-batteries-solid-state,technews.com,News roundup covering recent releases and launches related to electric vehicle batteries solid state this month.,2026-06-15T07:06:30Z,medium,"electric,vehicle,batteries,announcing,updates,around",release,medium,A new release/announcement — likely the freshest movement in the window.,Summarize what shipped and decide whether it changes your current view.
E084,code-github,None,"""electric vehicle batteries"" ""solid state""",6,example/electric-vehicle-batteries-solid-state: open-source take on electric vehicle batteries solid state,https://github.com/example/electric-vehicle-batteries-solid-state,github.com,"GitHub repo implementing electric vehicle batteries solid state; recent releases, stars, and issues.",2026-06-15T07:06:30Z,medium,"electric,vehicle,batteries,example,electric-vehicle-batteries-solid-state,open-source",release,medium,A new release/announcement — likely the freshest movement in the window.,Summarize what shipped and decide whether it changes your current view.
E085,blog,None,"""electric vehicle batteries"" recycling",1,Deep dive: electric vehicle batteries recycling,https://blog.example.com/electric-vehicle-batteries-recycling,blog.example.com,A practitioner blog post exploring electric vehicle batteries recycling with concrete examples and tradeoffs.,2026-06-15T07:06:30Z,medium,"electric,vehicle,batteries,recycling,practitioner,blog",how-to,medium,SERP-visible evidence shapes what people discover when researching this topic.,Skim for relevance and cite if it informs the brief.
E086,community-reddit,None,"""electric vehicle batteries"" recycling",2,Discussion: is electric vehicle batteries recycling worth it?,https://www.reddit.com/r/all/comments/829143/electric-vehicle-batteries-recycling/,reddit.com/r/all,Reddit thread weighing pros and cons of electric vehicle batteries recycling; lots of first-hand takes and complaints.,2026-06-15T07:06:30Z,medium,"electric,vehicle,batteries,discussion,recycling,reddit",discussion,medium,Community discussion reflects what practitioners are actually asking and arguing about.,Read the thread for primary-source quotes worth citing.
E087,community-hn,None,"""electric vehicle batteries"" recycling",3,Show HN: a project about electric vehicle batteries recycling,https://news.ycombinator.com/item?id=13545216,news.ycombinator.com,Hacker News discussion where developers debate electric vehicle batteries recycling and link to source.,2026-06-15T07:06:30Z,medium,"electric,vehicle,batteries,show,project,recycling",discussion,medium,Community discussion reflects what practitioners are actually asking and arguing about.,Read the thread for primary-source quotes worth citing.
E088,docs,None,"""electric vehicle batteries"" recycling",4,electric vehicle batteries recycling: official documentation,https://docs.example.org/electric-vehicle-batteries-recycling,docs.example.org,"Reference docs covering electric vehicle batteries recycling, setup, and common patterns.",2026-06-15T07:06:30Z,medium,"electric,vehicle,batteries,recycling,official,documentation",how-to,medium,SERP-visible evidence shapes what people discover when researching this topic.,Skim for relevance and cite if it informs the brief.
E089,news,None,"""electric vehicle batteries"" recycling",5,Announcing new updates around electric vehicle batteries recycling,https://www.technews.com/electric-vehicle-batteries-recycling,technews.com,News roundup covering recent releases and launches related to electric vehicle batteries recycling this month.,2026-06-15T07:06:30Z,medium,"electric,vehicle,batteries,announcing,updates,around",release,medium,A new release/announcement — likely the freshest movement in the window.,Summarize what shipped and decide whether it changes your current view.
E090,code-github,None,"""electric vehicle batteries"" recycling",6,example/electric-vehicle-batteries-recycling: open-source take on electric vehicle batteries recycling,https://github.com/example/electric-vehicle-batteries-recycling,github.com,"GitHub repo implementing electric vehicle batteries recycling; recent releases, stars, and issues.",2026-06-15T07:06:30Z,medium,"electric,vehicle,batteries,example,electric-vehicle-batteries-recycling,open-source",release,medium,A new release/announcement — likely the freshest movement in the window.,Summarize what shipped and decide whether it changes your current view.
E091,blog,Tesla,"Tesla ""electric vehicle batteries""",1,Deep dive: Tesla electric vehicle batteries,https://blog.example.com/tesla-electric-vehicle-batteries,blog.example.com,A practitioner blog post exploring Tesla electric vehicle batteries with concrete examples and tradeoffs.,2026-06-15T07:06:30Z,medium,"electric,vehicle,batteries,tesla,practitioner,blog",how-to,medium,Tesla is visible in this topic's landscape: Deep dive: Tesla electric vehicle batteries.,Track Tesla's positioning and add it to the entity index.
E092,community-reddit,Tesla,"Tesla ""electric vehicle batteries""",2,Discussion: is Tesla electric vehicle batteries worth it?,https://www.reddit.com/r/all/comments/6f027f/tesla-electric-vehicle-batteries/,reddit.com/r/all,Reddit thread weighing pros and cons of Tesla electric vehicle batteries; lots of first-hand takes and complaints.,2026-06-15T07:06:30Z,medium,"electric,vehicle,batteries,discussion,tesla,reddit",discussion,medium,Tesla is visible in this topic's landscape: Discussion: is Tesla electric vehicle batteries worth it?.,Track Tesla's positioning and add it to the entity index.
E093,community-hn,Tesla,"Tesla ""electric vehicle batteries""",3,Show HN: a project about Tesla electric vehicle batteries,https://news.ycombinator.com/item?id=2338068,news.ycombinator.com,Hacker News discussion where developers debate Tesla electric vehicle batteries and link to source.,2026-06-15T07:06:30Z,medium,"electric,vehicle,batteries,show,project,tesla",discussion,medium,Tesla is visible in this topic's landscape: Show HN: a project about Tesla electric vehicle batteries.,Track Tesla's positioning and add it to the entity index.
E094,docs,Tesla,"Tesla ""electric vehicle batteries""",4,Tesla electric vehicle batteries: official documentation,https://docs.example.org/tesla-electric-vehicle-batteries,docs.example.org,"Reference docs covering Tesla electric vehicle batteries, setup, and common patterns.",2026-06-15T07:06:30Z,medium,"electric,vehicle,batteries,tesla,official,documentation",how-to,medium,Tesla is visible in this topic's landscape: Tesla electric vehicle batteries: official documentation.,Track Tesla's positioning and add it to the entity index.
E095,news,Tesla,"Tesla ""electric vehicle batteries""",5,Announcing new updates around Tesla electric vehicle batteries,https://www.technews.com/tesla-electric-vehicle-batteries,technews.com,News roundup covering recent releases and launches related to Tesla electric vehicle batteries this month.,2026-06-15T07:06:30Z,medium,"electric,vehicle,batteries,announcing,updates,around",release,medium,Tesla is visible in this topic's landscape: Announcing new updates around Tesla electric vehicle batteries.,Summarize what shipped and decide whether it changes your current view.
E096,code-github,Tesla,"Tesla ""electric vehicle batteries""",6,example/tesla-electric-vehicle-batteries: open-source take on Tesla electric vehicle batteries,https://github.com/example/tesla-electric-vehicle-batteries,github.com,"GitHub repo implementing Tesla electric vehicle batteries; recent releases, stars, and issues.",2026-06-15T07:06:30Z,medium,"electric,vehicle,batteries,example,tesla-electric-vehicle-batteries,open-source",release,medium,Tesla is visible in this topic's landscape: example/tesla-electric-vehicle-batteries: open-source take on Tesla electric vehicle batteries.,Summarize what shipped and decide whether it changes your current view.
E097,blog,Tesla,Tesla review,1,Deep dive: Tesla review,https://blog.example.com/tesla-review,blog.example.com,A practitioner blog post exploring Tesla review with concrete examples and tradeoffs.,2026-06-15T07:06:30Z,medium,"electric,vehicle,batteries,tesla,practitioner,blog",how-to,medium,Tesla is visible in this topic's landscape: Deep dive: Tesla review.,Track Tesla's positioning and add it to the entity index.
E098,community-reddit,Tesla,Tesla review,2,Discussion: is Tesla review worth it?,https://www.reddit.com/r/all/comments/ae38ae/tesla-review/,reddit.com/r/all,Reddit thread weighing pros and cons of Tesla review; lots of first-hand takes and complaints.,2026-06-15T07:06:30Z,medium,"electric,vehicle,batteries,discussion,tesla,reddit",discussion,medium,Tesla is visible in this topic's landscape: Discussion: is Tesla review worth it?.,Track Tesla's positioning and add it to the entity index.
E099,community-hn,Tesla,Tesla review,3,Show HN: a project about Tesla review,https://news.ycombinator.com/item?id=10812390,news.ycombinator.com,Hacker News discussion where developers debate Tesla review and link to source.,2026-06-15T07:06:30Z,medium,"electric,vehicle,batteries,show,project,tesla",discussion,medium,Tesla is visible in this topic's landscape: Show HN: a project about Tesla review.,Track Tesla's positioning and add it to the entity index.
E100,docs,Tesla,Tesla review,4,Tesla review: official documentation,https://docs.example.org/tesla-review,docs.example.org,"Reference docs covering Tesla review, setup, and common patterns.",2026-06-15T07:06:30Z,medium,"electric,vehicle,batteries,tesla,official,documentation",how-to,medium,Tesla is visible in this topic's landscape: Tesla review: official documentation.,Track Tesla's positioning and add it to the entity index.
E101,news,Tesla,Tesla review,5,Announcing new updates around Tesla review,https://www.technews.com/tesla-review,technews.com,News roundup covering recent releases and launches related to Tesla review this month.,2026-06-15T07:06:30Z,medium,"electric,vehicle,batteries,announcing,updates,around",release,medium,Tesla is visible in this topic's landscape: Announcing new updates around Tesla review.,Summarize what shipped and decide whether it changes your current view.
E102,code-github,Tesla,Tesla review,6,example/tesla-review: open-source take on Tesla review,https://github.com/example/tesla-review,github.com,"GitHub repo implementing Tesla review; recent releases, stars, and issues.",2026-06-15T07:06:30Z,medium,"electric,vehicle,batteries,example,tesla-review,open-source",release,medium,Tesla is visible in this topic's landscape: example/tesla-review: open-source take on Tesla review.,Summarize what shipped and decide whether it changes your current view.
E103,blog,Tesla,Tesla alternatives,1,Deep dive: Tesla alternatives,https://blog.example.com/tesla-alternatives,blog.example.com,A practitioner blog post exploring Tesla alternatives with concrete examples and tradeoffs.,2026-06-15T07:06:30Z,medium,"electric,vehicle,batteries,tesla,alternatives,practitioner",comparison,medium,Tesla is visible in this topic's landscape: Deep dive: Tesla alternatives.,Extract the comparison criteria; note which options win and why.
E104,community-reddit,Tesla,Tesla alternatives,2,Discussion: is Tesla alternatives worth it?,https://www.reddit.com/r/all/comments/12eae6/tesla-alternatives/,reddit.com/r/all,Reddit thread weighing pros and cons of Tesla alternatives; lots of first-hand takes and complaints.,2026-06-15T07:06:30Z,medium,"electric,vehicle,batteries,discussion,tesla,alternatives",comparison,medium,Tesla is visible in this topic's landscape: Discussion: is Tesla alternatives worth it?.,Extract the comparison criteria; note which options win and why.
E105,community-hn,Tesla,Tesla alternatives,3,Show HN: a project about Tesla alternatives,https://news.ycombinator.com/item?id=9861830,news.ycombinator.com,Hacker News discussion where developers debate Tesla alternatives and link to source.,2026-06-15T07:06:30Z,medium,"electric,vehicle,batteries,show,project,tesla",comparison,medium,Tesla is visible in this topic's landscape: Show HN: a project about Tesla alternatives.,Extract the comparison criteria; note which options win and why.
E106,docs,Tesla,Tesla alternatives,4,Tesla alternatives: official documentation,https://docs.example.org/tesla-alternatives,docs.example.org,"Reference docs covering Tesla alternatives, setup, and common patterns.",2026-06-15T07:06:30Z,medium,"electric,vehicle,batteries,tesla,alternatives,official",comparison,medium,Tesla is visible in this topic's landscape: Tesla alternatives: official documentation.,Extract the comparison criteria; note which options win and why.
E107,news,Tesla,Tesla alternatives,5,Announcing new updates around Tesla alternatives,https://www.technews.com/tesla-alternatives,technews.com,News roundup covering recent releases and launches related to Tesla alternatives this month.,2026-06-15T07:06:30Z,medium,"electric,vehicle,batteries,announcing,updates,around",release,medium,Tesla is visible in this topic's landscape: Announcing new updates around Tesla alternatives.,Summarize what shipped and decide whether it changes your current view.
E108,code-github,Tesla,Tesla alternatives,6,example/tesla-alternatives: open-source take on Tesla alternatives,https://github.com/example/tesla-alternatives,github.com,"GitHub repo implementing Tesla alternatives; recent releases, stars, and issues.",2026-06-15T07:06:30Z,medium,"electric,vehicle,batteries,example,tesla-alternatives,open-source",release,medium,Tesla is visible in this topic's landscape: example/tesla-alternatives: open-source take on Tesla alternatives.,Summarize what shipped and decide whether it changes your current view.
E109,blog,CATL,"CATL ""electric vehicle batteries""",1,Deep dive: CATL electric vehicle batteries,https://blog.example.com/catl-electric-vehicle-batteries,blog.example.com,A practitioner blog post exploring CATL electric vehicle batteries with concrete examples and tradeoffs.,2026-06-15T07:06:30Z,medium,"electric,vehicle,batteries,catl,practitioner,blog",how-to,medium,CATL is visible in this topic's landscape: Deep dive: CATL electric vehicle batteries.,Track CATL's positioning and add it to the entity index.
E110,community-reddit,CATL,"CATL ""electric vehicle batteries""",2,Discussion: is CATL electric vehicle batteries worth it?,https://www.reddit.com/r/all/comments/82e2f1/catl-electric-vehicle-batteries/,reddit.com/r/all,Reddit thread weighing pros and cons of CATL electric vehicle batteries; lots of first-hand takes and complaints.,2026-06-15T07:06:30Z,medium,"electric,vehicle,batteries,discussion,catl,reddit",discussion,medium,CATL is visible in this topic's landscape: Discussion: is CATL electric vehicle batteries worth it?.,Track CATL's positioning and add it to the entity index.
E111,community-hn,CATL,"CATL ""electric vehicle batteries""",3,Show HN: a project about CATL electric vehicle batteries,https://news.ycombinator.com/item?id=10061351,news.ycombinator.com,Hacker News discussion where developers debate CATL electric vehicle batteries and link to source.,2026-06-15T07:06:30Z,medium,"electric,vehicle,batteries,show,project,catl",discussion,medium,CATL is visible in this topic's landscape: Show HN: a project about CATL electric vehicle batteries.,Track CATL's positioning and add it to the entity index.
E112,docs,CATL,"CATL ""electric vehicle batteries""",4,CATL electric vehicle batteries: official documentation,https://docs.example.org/catl-electric-vehicle-batteries,docs.example.org,"Reference docs covering CATL electric vehicle batteries, setup, and common patterns.",2026-06-15T07:06:30Z,medium,"electric,vehicle,batteries,catl,official,documentation",how-to,medium,CATL is visible in this topic's landscape: CATL electric vehicle batteries: official documentation.,Track CATL's positioning and add it to the entity index.
E113,news,CATL,"CATL ""electric vehicle batteries""",5,Announcing new updates around CATL electric vehicle batteries,https://www.technews.com/catl-electric-vehicle-batteries,technews.com,News roundup covering recent releases and launches related to CATL electric vehicle batteries this month.,2026-06-15T07:06:30Z,medium,"electric,vehicle,batteries,announcing,updates,around",release,medium,CATL is visible in this topic's landscape: Announcing new updates around CATL electric vehicle batteries.,Summarize what shipped and decide whether it changes your current view.
E114,code-github,CATL,"CATL ""electric vehicle batteries""",6,example/catl-electric-vehicle-batteries: open-source take on CATL electric vehicle batteries,https://github.com/example/catl-electric-vehicle-batteries,github.com,"GitHub repo implementing CATL electric vehicle batteries; recent releases, stars, and issues.",2026-06-15T07:06:30Z,medium,"electric,vehicle,batteries,example,catl-electric-vehicle-batteries,open-source",release,medium,CATL is visible in this topic's landscape: example/catl-electric-vehicle-batteries: open-source take on CATL electric vehicle batteries.,Summarize what shipped and decide whether it changes your current view.
E115,blog,CATL,CATL review,1,Deep dive: CATL review,https://blog.example.com/catl-review,blog.example.com,A practitioner blog post exploring CATL review with concrete examples and tradeoffs.,2026-06-15T07:06:30Z,medium,"electric,vehicle,batteries,catl,practitioner,blog",how-to,medium,CATL is visible in this topic's landscape: Deep dive: CATL review.,Track CATL's positioning and add it to the entity index.
E116,community-reddit,CATL,CATL review,2,Discussion: is CATL review worth it?,https://www.reddit.com/r/all/comments/b95ad4/catl-review/,reddit.com/r/all,Reddit thread weighing pros and cons of CATL review; lots of first-hand takes and complaints.,2026-06-15T07:06:30Z,medium,"electric,vehicle,batteries,discussion,catl,reddit",discussion,medium,CATL is visible in this topic's landscape: Discussion: is CATL review worth it?.,Track CATL's positioning and add it to the entity index.
E117,community-hn,CATL,CATL review,3,Show HN: a project about CATL review,https://news.ycombinator.com/item?id=10693728,news.ycombinator.com,Hacker News discussion where developers debate CATL review and link to source.,2026-06-15T07:06:30Z,medium,"electric,vehicle,batteries,show,project,catl",discussion,medium,CATL is visible in this topic's landscape: Show HN: a project about CATL review.,Track CATL's positioning and add it to the entity index.
E118,docs,CATL,CATL review,4,CATL review: official documentation,https://docs.example.org/catl-review,docs.example.org,"Reference docs covering CATL review, setup, and common patterns.",2026-06-15T07:06:30Z,medium,"electric,vehicle,batteries,catl,official,documentation",how-to,medium,CATL is visible in this topic's landscape: CATL review: official documentation.,Track CATL's positioning and add it to the entity index.
E119,news,CATL,CATL review,5,Announcing new updates around CATL review,https://www.technews.com/catl-review,technews.com,News roundup covering recent releases and launches related to CATL review this month.,2026-06-15T07:06:30Z,medium,"electric,vehicle,batteries,announcing,updates,around",release,medium,CATL is visible in this topic's landscape: Announcing new updates around CATL review.,Summarize what shipped and decide whether it changes your current view.
E120,code-github,CATL,CATL review,6,example/catl-review: open-source take on CATL review,https://github.com/example/catl-review,github.com,"GitHub repo implementing CATL review; recent releases, stars, and issues.",2026-06-15T07:06:30Z,medium,"electric,vehicle,batteries,example,catl-review,open-source",release,medium,CATL is visible in this topic's landscape: example/catl-review: open-source take on CATL review.,Summarize what shipped and decide whether it changes your current view.
E121,blog,CATL,CATL alternatives,1,Deep dive: CATL alternatives,https://blog.example.com/catl-alternatives,blog.example.com,A practitioner blog post exploring CATL alternatives with concrete examples and tradeoffs.,2026-06-15T07:06:30Z,medium,"electric,vehicle,batteries,catl,alternatives,practitioner",comparison,medium,CATL is visible in this topic's landscape: Deep dive: CATL alternatives.,Extract the comparison criteria; note which options win and why.
E122,community-reddit,CATL,CATL alternatives,2,Discussion: is CATL alternatives worth it?,https://www.reddit.com/r/all/comments/5975a0/catl-alternatives/,reddit.com/r/all,Reddit thread weighing pros and cons of CATL alternatives; lots of first-hand takes and complaints.,2026-06-15T07:06:30Z,medium,"electric,vehicle,batteries,discussion,catl,alternatives",comparison,medium,CATL is visible in this topic's landscape: Discussion: is CATL alternatives worth it?.,Extract the comparison criteria; note which options win and why.
E123,community-hn,CATL,CATL alternatives,3,Show HN: a project about CATL alternatives,https://news.ycombinator.com/item?id=3858247,news.ycombinator.com,Hacker News discussion where developers debate CATL alternatives and link to source.,2026-06-15T07:06:30Z,medium,"electric,vehicle,batteries,show,project,catl",comparison,medium,CATL is visible in this topic's landscape: Show HN: a project about CATL alternatives.,Extract the comparison criteria; note which options win and why.
E124,docs,CATL,CATL alternatives,4,CATL alternatives: official documentation,https://docs.example.org/catl-alternatives,docs.example.org,"Reference docs covering CATL alternatives, setup, and common patterns.",2026-06-15T07:06:30Z,medium,"electric,vehicle,batteries,catl,alternatives,official",comparison,medium,CATL is visible in this topic's landscape: CATL alternatives: official documentation.,Extract the comparison criteria; note which options win and why.
E125,news,CATL,CATL alternatives,5,Announcing new updates around CATL alternatives,https://www.technews.com/catl-alternatives,technews.com,News roundup covering recent releases and launches related to CATL alternatives this month.,2026-06-15T07:06:30Z,medium,"electric,vehicle,batteries,announcing,updates,around",release,medium,CATL is visible in this topic's landscape: Announcing new updates around CATL alternatives.,Summarize what shipped and decide whether it changes your current view.
E126,code-github,CATL,CATL alternatives,6,example/catl-alternatives: open-source take on CATL alternatives,https://github.com/example/catl-alternatives,github.com,"GitHub repo implementing CATL alternatives; recent releases, stars, and issues.",2026-06-15T07:06:30Z,medium,"electric,vehicle,batteries,example,catl-alternatives,open-source",release,medium,CATL is visible in this topic's landscape: example/catl-alternatives: open-source take on CATL alternatives.,Summarize what shipped and decide whether it changes your current view.
E127,blog,QuantumScape,"QuantumScape ""electric vehicle batteries""",1,Deep dive: QuantumScape electric vehicle batteries,https://blog.example.com/quantumscape-electric-vehicle-batteries,blog.example.com,A practitioner blog post exploring QuantumScape electric vehicle batteries with concrete examples and tradeoffs.,2026-06-15T07:06:30Z,medium,"electric,vehicle,batteries,quantumscape,practitioner,blog",how-to,medium,QuantumScape is visible in this topic's landscape: Deep dive: QuantumScape electric vehicle batteries.,Track QuantumScape's positioning and add it to the entity index.
E128,community-reddit,QuantumScape,"QuantumScape ""electric vehicle batteries""",2,Discussion: is QuantumScape electric vehicle batteries worth it?,https://www.reddit.com/r/all/comments/b6f0b0/quantumscape-electric-vehicle-batteries/,reddit.com/r/all,Reddit thread weighing pros and cons of QuantumScape electric vehicle batteries; lots of first-hand takes and complaints.,2026-06-15T07:06:30Z,medium,"electric,vehicle,batteries,discussion,quantumscape,reddit",discussion,medium,QuantumScape is visible in this topic's landscape: Discussion: is QuantumScape electric vehicle batteries worth it?.,Track QuantumScape's positioning and add it to the entity index.
E129,community-hn,QuantumScape,"QuantumScape ""electric vehicle batteries""",3,Show HN: a project about QuantumScape electric vehicle batteries,https://news.ycombinator.com/item?id=12196648,news.ycombinator.com,Hacker News discussion where developers debate QuantumScape electric vehicle batteries and link to source.,2026-06-15T07:06:30Z,medium,"electric,vehicle,batteries,show,project,quantumscape",discussion,medium,QuantumScape is visible in this topic's landscape: Show HN: a project about QuantumScape electric vehicle batteries.,Track QuantumScape's positioning and add it to the entity index.
E130,docs,QuantumScape,"QuantumScape ""electric vehicle batteries""",4,QuantumScape electric vehicle batteries: official documentation,https://docs.example.org/quantumscape-electric-vehicle-batteries,docs.example.org,"Reference docs covering QuantumScape electric vehicle batteries, setup, and common patterns.",2026-06-15T07:06:30Z,medium,"electric,vehicle,batteries,quantumscape,official,documentation",how-to,medium,QuantumScape is visible in this topic's landscape: QuantumScape electric vehicle batteries: official documentation.,Track QuantumScape's positioning and add it to the entity index.
E131,news,QuantumScape,"QuantumScape ""electric vehicle batteries""",5,Announcing new updates around QuantumScape electric vehicle batteries,https://www.technews.com/quantumscape-electric-vehicle-batteries,technews.com,News roundup covering recent releases and launches related to QuantumScape electric vehicle batteries this month.,2026-06-15T07:06:30Z,medium,"electric,vehicle,batteries,announcing,updates,around",release,medium,QuantumScape is visible in this topic's landscape: Announcing new updates around QuantumScape electric vehicle batteries.,Summarize what shipped and decide whether it changes your current view.
E132,code-github,QuantumScape,"QuantumScape ""electric vehicle batteries""",6,example/quantumscape-electric-vehicle-batteries: open-source take on QuantumScape electric vehicle batteries,https://github.com/example/quantumscape-electric-vehicle-batteries,github.com,"GitHub repo implementing QuantumScape electric vehicle batteries; recent releases, stars, and issues.",2026-06-15T07:06:30Z,medium,"electric,vehicle,batteries,example,quantumscape-electric-vehicle-batteries,open-source",release,medium,QuantumScape is visible in this topic's landscape: example/quantumscape-electric-vehicle-batteries: open-source take on QuantumScape electric vehicle batteries.,Summarize what shipped and decide whether it changes your current view.
E133,blog,QuantumScape,QuantumScape review,1,Deep dive: QuantumScape review,https://blog.example.com/quantumscape-review,blog.example.com,A practitioner blog post exploring QuantumScape review with concrete examples and tradeoffs.,2026-06-15T07:06:30Z,medium,"electric,vehicle,batteries,quantumscape,practitioner,blog",how-to,medium,QuantumScape is visible in this topic's landscape: Deep dive: QuantumScape review.,Track QuantumScape's positioning and add it to the entity index.
E134,community-reddit,QuantumScape,QuantumScape review,2,Discussion: is QuantumScape review worth it?,https://www.reddit.com/r/all/comments/5926ac/quantumscape-review/,reddit.com/r/all,Reddit thread weighing pros and cons of QuantumScape review; lots of first-hand takes and complaints.,2026-06-15T07:06:30Z,medium,"electric,vehicle,batteries,discussion,quantumscape,reddit",discussion,medium,QuantumScape is visible in this topic's landscape: Discussion: is QuantumScape review worth it?.,Track QuantumScape's positioning and add it to the entity index.
E135,community-hn,QuantumScape,QuantumScape review,3,Show HN: a project about QuantumScape review,https://news.ycombinator.com/item?id=879926,news.ycombinator.com,Hacker News discussion where developers debate QuantumScape review and link to source.,2026-06-15T07:06:30Z,medium,"electric,vehicle,batteries,show,project,quantumscape",discussion,medium,QuantumScape is visible in this topic's landscape: Show HN: a project about QuantumScape review.,Track QuantumScape's positioning and add it to the entity index.
E136,docs,QuantumScape,QuantumScape review,4,QuantumScape review: official documentation,https://docs.example.org/quantumscape-review,docs.example.org,"Reference docs covering QuantumScape review, setup, and common patterns.",2026-06-15T07:06:30Z,medium,"electric,vehicle,batteries,quantumscape,official,documentation",how-to,medium,QuantumScape is visible in this topic's landscape: QuantumScape review: official documentation.,Track QuantumScape's positioning and add it to the entity index.
E137,news,QuantumScape,QuantumScape review,5,Announcing new updates around QuantumScape review,https://www.technews.com/quantumscape-review,technews.com,News roundup covering recent releases and launches related to QuantumScape review this month.,2026-06-15T07:06:30Z,medium,"electric,vehicle,batteries,announcing,updates,around",release,medium,QuantumScape is visible in this topic's landscape: Announcing new updates around QuantumScape review.,Summarize what shipped and decide whether it changes your current view.
E138,code-github,QuantumScape,QuantumScape review,6,example/quantumscape-review: open-source take on QuantumScape review,https://github.com/example/quantumscape-review,github.com,"GitHub repo implementing QuantumScape review; recent releases, stars, and issues.",2026-06-15T07:06:30Z,medium,"electric,vehicle,batteries,example,quantumscape-review,open-source",release,medium,QuantumScape is visible in this topic's landscape: example/quantumscape-review: open-source take on QuantumScape review.,Summarize what shipped and decide whether it changes your current view.
E139,blog,QuantumScape,QuantumScape alternatives,1,Deep dive: QuantumScape alternatives,https://blog.example.com/quantumscape-alternatives,blog.example.com,A practitioner blog post exploring QuantumScape alternatives with concrete examples and tradeoffs.,2026-06-15T07:06:30Z,medium,"electric,vehicle,batteries,quantumscape,alternatives,practitioner",comparison,medium,QuantumScape is visible in this topic's landscape: Deep dive: QuantumScape alternatives.,Extract the comparison criteria; note which options win and why.
E140,community-reddit,QuantumScape,QuantumScape alternatives,2,Discussion: is QuantumScape alternatives worth it?,https://www.reddit.com/r/all/comments/b61625/quantumscape-alternatives/,reddit.com/r/all,Reddit thread weighing pros and cons of QuantumScape alternatives; lots of first-hand takes and complaints.,2026-06-15T07:06:30Z,medium,"electric,vehicle,batteries,discussion,quantumscape,alternatives",comparison,medium,QuantumScape is visible in this topic's landscape: Discussion: is QuantumScape alternatives worth it?.,Extract the comparison criteria; note which options win and why.
E141,community-hn,QuantumScape,QuantumScape alternatives,3,Show HN: a project about QuantumScape alternatives,https://news.ycombinator.com/item?id=14356671,news.ycombinator.com,Hacker News discussion where developers debate QuantumScape alternatives and link to source.,2026-06-15T07:06:30Z,medium,"electric,vehicle,batteries,show,project,quantumscape",comparison,medium,QuantumScape is visible in this topic's landscape: Show HN: a project about QuantumScape alternatives.,Extract the comparison criteria; note which options win and why.
E142,docs,QuantumScape,QuantumScape alternatives,4,QuantumScape alternatives: official documentation,https://docs.example.org/quantumscape-alternatives,docs.example.org,"Reference docs covering QuantumScape alternatives, setup, and common patterns.",2026-06-15T07:06:30Z,medium,"electric,vehicle,batteries,quantumscape,alternatives,official",comparison,medium,QuantumScape is visible in this topic's landscape: QuantumScape alternatives: official documentation.,Extract the comparison criteria; note which options win and why.
E143,news,QuantumScape,QuantumScape alternatives,5,Announcing new updates around QuantumScape alternatives,https://www.technews.com/quantumscape-alternatives,technews.com,News roundup covering recent releases and launches related to QuantumScape alternatives this month.,2026-06-15T07:06:30Z,medium,"electric,vehicle,batteries,announcing,updates,around",release,medium,QuantumScape is visible in this topic's landscape: Announcing new updates around QuantumScape alternatives.,Summarize what shipped and decide whether it changes your current view.
E144,code-github,QuantumScape,QuantumScape alternatives,6,example/quantumscape-alternatives: open-source take on QuantumScape alternatives,https://github.com/example/quantumscape-alternatives,github.com,"GitHub repo implementing QuantumScape alternatives; recent releases, stars, and issues.",2026-06-15T07:06:30Z,medium,"electric,vehicle,batteries,example,quantumscape-alternatives,open-source",release,medium,QuantumScape is visible in this topic's landscape: example/quantumscape-alternatives: open-source take on QuantumScape alternatives.,Summarize what shipped and decide whether it changes your current view.
E145,community-hn,None,electric vehicle batteries,1,Discussion: getting started with electric vehicle batteries,https://news.ycombinator.com/item/422b0ac0,news.ycombinator.com,"Hacker News · 116 points, 63 comments. Practitioners share first-hand experience with electric vehicle batteries.",2026-06-15T07:06:30Z,medium,"electric,vehicle,batteries,discussion,getting,started",how-to,medium,Community discussion reflects what practitioners are actually asking and arguing about.,Read the thread for primary-source quotes worth citing.
E146,community-hn,None,electric vehicle batteries,2,Is electric vehicle batteries actually worth it?,https://news.ycombinator.com/item/34f65393,news.ycombinator.com,"Hacker News · 102 points, 266 comments. Debate over tradeoffs, alternatives, and gotchas around electric vehicle batteries.",2026-06-15T07:06:30Z,medium,"electric,vehicle,batteries,actually,hacker,points",comparison,medium,Community discussion reflects what practitioners are actually asking and arguing about.,Extract the comparison criteria; note which options win and why.
E147,community-hn,None,electric vehicle batteries,3,Problems I hit using electric vehicle batteries,https://news.ycombinator.com/item/a53b4e9f,news.ycombinator.com,"Hacker News · 215 points, 79 comments. Pain points, bugs, and workarounds for electric vehicle batteries.",2026-06-15T07:06:30Z,medium,"electric,vehicle,batteries,problems,using,hacker",pain-point,medium,"Community language here may reveal recurring problems, unmet needs, or comparison criteria.",Capture the exact phrasing of the problem — it's a real demand signal.
E148,community-reddit,None,electric vehicle batteries,1,Discussion: getting started with electric vehicle batteries,https://reddit.com/r/all/comments/bf6dd20b,reddit.com/r/all,"r/all · 241 points, 129 comments. Practitioners share first-hand experience with electric vehicle batteries.",2026-06-15T07:06:30Z,medium,"electric,vehicle,batteries,discussion,getting,started",how-to,medium,Community discussion reflects what practitioners are actually asking and arguing about.,Read the thread for primary-source quotes worth citing.
E149,community-reddit,None,electric vehicle batteries,2,Is electric vehicle batteries actually worth it?,https://reddit.com/r/all/comments/6f9e1cdb,reddit.com/r/all,"r/all · 161 points, 178 comments. Debate over tradeoffs, alternatives, and gotchas around electric vehicle batteries.",2026-06-15T07:06:30Z,medium,"electric,vehicle,batteries,actually,points,comments",comparison,medium,Community discussion reflects what practitioners are actually asking and arguing about.,Extract the comparison criteria; note which options win and why.
E150,community-reddit,None,electric vehicle batteries,3,Problems I hit using electric vehicle batteries,https://reddit.com/r/all/comments/f2fa40d1,reddit.com/r/all,"r/all · 292 points, 270 comments. Pain points, bugs, and workarounds for electric vehicle batteries.",2026-06-15T07:06:30Z,medium,"electric,vehicle,batteries,problems,using,points",pain-point,medium,"Community language here may reveal recurring problems, unmet needs, or comparison criteria.",Capture the exact phrasing of the problem — it's a real demand signal.
